Matching text,URI,Label text
Administrative and political divisions,http://id.worldcat.org/fast/796826,Administrative and political divisions
Administrative divisions,http://id.worldcat.org/fast/796826,Administrative and political divisions
Aerial surveys,http://id.worldcat.org/fast/798140,Aerial surveys
Aeronautical charts,http://id.worldcat.org/fast/798262,Aeronautical charts
Age distribution (Demography),http://id.worldcat.org/fast/800160,Age distribution (Demography)
Agriculture,http://id.worldcat.org/fast/801355,Agriculture
Agriculture Statistics,http://id.worldcat.org/fast/801665,Agriculture--Statistics
Aids to navigation,http://id.worldcat.org/fast/801999,Aids to navigation
Airport noise,http://id.worldcat.org/fast/803688,Airport noise
Airports,http://id.worldcat.org/fast/803726,Airports
airports,http://id.worldcat.org/fast/803726,Airports
Airport terminals,http://id.worldcat.org/fast/803710,Airport terminals
Airport zoning,http://id.worldcat.org/fast/803722,Airport zoning
Air quality,http://id.worldcat.org/fast/802503,Air quality
Air quality management,http://id.worldcat.org/fast/802537,Air quality management
Air quality monitoring stations,http://id.worldcat.org/fast/802575,Air quality monitoring stations
Algae,http://id.worldcat.org/fast/804837,Algae
Alluvium,http://id.worldcat.org/fast/805761,Alluvium
Alternative fuel vehicles,http://id.worldcat.org/fast/806149,Alternative fuel vehicles
Altitudes,http://id.worldcat.org/fast/806212,Altitudes
American Indian Reservations,http://id.worldcat.org/fast/969192,Indian Reservations
American shrew mole,http://id.worldcat.org/fast/807445,American shrew mole
Amphibians,http://id.worldcat.org/fast/807900,Amphibians
Amusement parks,http://id.worldcat.org/fast/808076,Amusement parks
Anchorage,http://id.worldcat.org/fast/808477,Anchorage
Animal populations,http://id.worldcat.org/fast/809325,Animal populations
Annexation (Municipal government),http://id.worldcat.org/fast/809741,Annexation (Municipal government)
Anthozoa,http://id.worldcat.org/fast/810128,Anthozoa
Apartment houses,http://id.worldcat.org/fast/811132,Apartment houses
Aquaculture,http://id.worldcat.org/fast/811864,Aquaculture
Aqueducts,http://id.worldcat.org/fast/812149,Aqueducts
Aquifers,http://id.worldcat.org/fast/812170,Aquifers
Archaeological significance,http://id.worldcat.org/fast/1892746,Archaeological significance
Archaeological site location,http://id.worldcat.org/fast/1201796,Archaeological site location
"Architecture, Domestic",http://id.worldcat.org/fast/813666,"Architecture, Domestic"
Arenas,http://id.worldcat.org/fast/814226,Arenas
Artesian basins,http://id.worldcat.org/fast/817092,Artesian basins
Artificial reefs,http://id.worldcat.org/fast/817329,Artificial reefs
Asphalt,http://id.worldcat.org/fast/818812,Asphalt
Atmospheric ozone,http://id.worldcat.org/fast/820452,Atmospheric ozone
Banks and banking,http://id.worldcat.org/fast/826867,Banks and banking
Barges,http://id.worldcat.org/fast/827510,Barges
Basins (Geology),http://id.worldcat.org/fast/828188,Basins (Geology)
Bathymetric maps,http://id.worldcat.org/fast/828776,Bathymetric maps
Bays,http://id.worldcat.org/fast/829042,Bays
Beaches,http://id.worldcat.org/fast/829107,Beaches
Benchmarking (Management,http://id.worldcat.org/fast/830291,Benchmarking (Management
Benthos,http://id.worldcat.org/fast/830518,Benthos
Bicycles,http://id.worldcat.org/fast/831489,Bicycles
Bicycle trails,http://id.worldcat.org/fast/831479,Bicycle trails
Biodiversity,http://id.worldcat.org/fast/1429860,Biodiversity
Biodiversity conservation,http://id.worldcat.org/fast/1429861,Biodiversity conservation
Biogeography,http://id.worldcat.org/fast/832095,Biogeography
Biomass,http://id.worldcat.org/fast/832522,Biomass
Biomass energy,http://id.worldcat.org/fast/832532,Biomass energy
Biotic communities,http://id.worldcat.org/fast/832828,Biotic communities
Birds,http://id.worldcat.org/fast/832970,Birds
Boating surveys,http://id.worldcat.org/fast/1738026,Boating surveys
Boat ramps,http://id.worldcat.org/fast/835136,Boat ramps
Boats and boating,http://id.worldcat.org/fast/835176,Boats and boating
Bodies of water,http://id.worldcat.org/fast/835302,Bodies of water
Border crossing,http://id.worldcat.org/fast/1715649,Border crossing
Border stations,http://id.worldcat.org/fast/1742240,Border stations
Boroughs,http://id.worldcat.org/fast/836750,Boroughs
Boundaries,http://id.worldcat.org/fast/837076,Boundaries
"Boundaries, State",http://id.worldcat.org/fast/837089,"Boundaries, State"
Boundary disputes,http://id.worldcat.org/fast/837091,Boundary disputes
Brackish waters,http://id.worldcat.org/fast/837482,Brackish waters
Brazilian states,http://id.worldcat.org/fast/838156,Brazilian states
Bricks,http://id.worldcat.org/fast/838614,Bricks
Bridges,http://id.worldcat.org/fast/838671,Bridges
Brush mouse,http://id.worldcat.org/fast/839876,Brush mouse
Building inspection,http://id.worldcat.org/fast/840679,Building inspection
Building laws,http://id.worldcat.org/fast/840692,Building laws
Building materials,http://id.worldcat.org/fast/840723,Building materials
Building permits,http://id.worldcat.org/fast/840806,Building permits
Buildings,http://id.worldcat.org/fast/840962,Buildings
Building sites,http://id.worldcat.org/fast/840815,Building sites
Buoys,http://id.worldcat.org/fast/841652,Buoys
Buses,http://id.worldcat.org/fast/842142,Buses
Bus stops,http://id.worldcat.org/fast/842117,Bus stops
Bus terminals,http://id.worldcat.org/fast/842122,Bus terminals
Bus travel,http://id.worldcat.org/fast/842133,Bus travel
Butchers,http://id.worldcat.org/fast/843058,Butchers
"Cables, Submarine",http://id.worldcat.org/fast/843640,"Cables, Submarine"
"Camp sites, facilities, etc",http://id.worldcat.org/fast/844798,"Camp sites, facilities, etc."
"Camp sites",http://id.worldcat.org/fast/844798,"Camp sites, facilities, etc."
Canals,http://id.worldcat.org/fast/845230,Canals
Capes (Coasts),http://id.worldcat.org/fast/846252,Capes (Coasts)
Capitals (Cities),http://id.worldcat.org/fast/846490,Capitals (Cities)
capitals,http://id.worldcat.org/fast/846490,Capitals (Cities)
Carbon monoxide,http://id.worldcat.org/fast/846854,Carbon monoxide
Cartography,http://id.worldcat.org/fast/848025,Cartography
Caste,http://id.worldcat.org/fast/848395,Caste
Cell phone services industry,http://id.worldcat.org/fast/1735603,Cell phone services industry
Cemeteries,http://id.worldcat.org/fast/850521,Cemeteries
cemeteries,http://id.worldcat.org/fast/850521,Cemeteries
Census,http://id.worldcat.org/fast/850587,Census
Census districts,http://id.worldcat.org/fast/850608,Census districts
census tracts,http://id.worldcat.org/fast/850608,Census districts
census of population and housing,http://id.worldcat.org/fast/850587,Census
Centers for the performing arts,http://id.worldcat.org/fast/850647,Centers for the performing arts
Central business districts,http://id.worldcat.org/fast/850699,Central business districts
Channels (Hydraulic engineering),http://id.worldcat.org/fast/852125,Channels (Hydraulic engineering)
Charcoal,http://id.worldcat.org/fast/852320,Charcoal
Chiefdoms,http://id.worldcat.org/fast/854199,Chiefdoms
Childbirth,http://id.worldcat.org/fast/854780,Childbirth
Chinese provinces,http://id.worldcat.org/fast/1736609,Chinese provinces
Chipmunks,http://id.worldcat.org/fast/857855,Chipmunks
Chlorophyll,http://id.worldcat.org/fast/858216,Chlorophyll
Church buildings,http://id.worldcat.org/fast/860599,Church buildings
cities,http://id.worldcat.org/fast/861748,Cities and towns
Cities,http://id.worldcat.org/fast/861748,Cities and towns
Cities and towns,http://id.worldcat.org/fast/861748,Cities and towns
City halls,http://id.worldcat.org/fast/862139,City halls
City planning,http://id.worldcat.org/fast/862177,City planning
City planning districts,http://id.worldcat.org/fast/862290,City planning districts
City walls,http://id.worldcat.org/fast/862310,City walls
Civic centers,http://id.worldcat.org/fast/862320,Civic centers
Climatic changes,http://id.worldcat.org/fast/864229,Climatic changes
Climatology,http://id.worldcat.org/fast/864281,Climatology
Clinics,http://id.worldcat.org/fast/864441,Clinics
Closed-circuit television,http://id.worldcat.org/fast/864626,Closed-circuit television
Coastal biodiversity conservation,http://id.worldcat.org/fast/1749562,Coastal biodiversity conservation
Coastal ecosystem health,http://id.worldcat.org/fast/1749295,Coastal ecosystem health
Coastal mapping,http://id.worldcat.org/fast/1741068,Coastal mapping
Coastal plants,http://id.worldcat.org/fast/865752,Coastal plants
Coastal sediments,http://id.worldcat.org/fast/1739437,Coastal sediments
Coastal zone management,http://id.worldcat.org/fast/865756,Coastal zone management
Coast changes,http://id.worldcat.org/fast/865699,Coast changes
coastlines,http://id.worldcat.org/fast/865801,Coasts
Coasts,http://id.worldcat.org/fast/865801,Coasts
Coho salmon,http://id.worldcat.org/fast/866587,Coho salmon
Colluvium,http://id.worldcat.org/fast/868351,Colluvium
Colonial birds,http://id.worldcat.org/fast/868444,Colonial birds
Common Core State Standards (Education,http://id.worldcat.org/fast/1919343,Common Core State Standards (Education
Communities,http://id.worldcat.org/fast/1430092,Communities
Community college trustees,http://id.worldcat.org/fast/870754,Community college trustees
Community development,http://id.worldcat.org/fast/870818,Community development
Community health services,http://id.worldcat.org/fast/870958,Community health services
Commuting,http://id.worldcat.org/fast/871227,Commuting
Concrete,http://id.worldcat.org/fast/874126,Concrete
Congressional Districts,http://id.worldcat.org/fast/904296,Election districts--U.S. states 
Conservation easements,http://id.worldcat.org/fast/875492,Conservation easements
Conservation of natural resources,http://id.worldcat.org/fast/875502,Conservation of natural resources
Construction projects,http://id.worldcat.org/fast/1742119,Construction projects
Consumers,http://id.worldcat.org/fast/876410,Consumers
Contaminated sediments,http://id.worldcat.org/fast/876596,Contaminated sediments
Contiguous zones (Law of the sea),http://id.worldcat.org/fast/876668,Contiguous zones (Law of the sea)
Continental margins,http://id.worldcat.org/fast/876674,Continental margins
Continental shelf,http://id.worldcat.org/fast/876676,Continental shelf
Continents,http://id.worldcat.org/fast/876686,Continents
Contours (Cartography),http://id.worldcat.org/fast/876798,Contours (Cartography)
Coordinates,http://id.worldcat.org/fast/878263,Coordinates
Coral reef ecology,http://id.worldcat.org/fast/878847,Coral reef ecology
Coral reefs and islands,http://id.worldcat.org/fast/878858,Coral reefs and islands
Corals,http://id.worldcat.org/fast/878876,Corals
Correctional institutions,http://id.worldcat.org/fast/880178,Correctional institutions
Corridors (Ecology),http://id.worldcat.org/fast/880337,Corridors (Ecology)
Cost and standard of living,http://id.worldcat.org/fast/880673,Cost and standard of living
Cost effectiveness,http://id.worldcat.org/fast/880707,Cost effectiveness
Counties,http://id.worldcat.org/fast/1202159,Counties
counties,http://id.worldcat.org/fast/1202159,Counties
county,http://id.worldcat.org/fast/1202159,Counties
County government,http://id.worldcat.org/fast/881490,County government
County or equivalent entity,http://id.worldcat.org/fast/1202159,Counties
county equivalents,http://id.worldcat.org/fast/1202159,Counties
County services,http://id.worldcat.org/fast/881545,County services
Courthouses,http://id.worldcat.org/fast/881720,Courthouses
Courts,http://id.worldcat.org/fast/881747,Courts
Crops,http://id.worldcat.org/fast/883965,Crops
Culverts,http://id.worldcat.org/fast/885127,Culverts
Cycling,http://id.worldcat.org/fast/885857,Cycling
Dairy farming,http://id.worldcat.org/fast/886881,Dairy farming
Dams,http://id.worldcat.org/fast/1198486,Dams
Deep diving,http://id.worldcat.org/fast/889476,Deep diving
Deltas,http://id.worldcat.org/fast/890004,Deltas
demographics,http://id.worldcat.org/fast/890158,Demography
Demography,http://id.worldcat.org/fast/890158,Demography
Dental care,http://id.worldcat.org/fast/890403,Dental care
Deserts,http://id.worldcat.org/fast/891230,Deserts
Digital elevation models,http://id.worldcat.org/fast/1893500,Digital elevation models
Dikes (Engineering),http://id.worldcat.org/fast/893787,Dikes (Engineering)
Disaster relief,http://id.worldcat.org/fast/894731,Disaster relief
Discoveries in geography,http://id.worldcat.org/fast/894950,Discoveries in geography
Discovery and exploration,http://id.worldcat.org/fast/894950,Discoveries in geography
Ditches,http://id.worldcat.org/fast/895648,Ditches
Diving,http://id.worldcat.org/fast/895767,Diving
Docks,http://id.worldcat.org/fast/896024,Docks
Dolphins,http://id.worldcat.org/fast/896501,Dolphins
Drainage,http://id.worldcat.org/fast/897411,Drainage
drainage,http://id.worldcat.org/fast/897411,Drainage
Dredging,http://id.worldcat.org/fast/897926,Dredging
Drilling platforms,http://id.worldcat.org/fast/898133,Drilling platforms
Driveways,http://id.worldcat.org/fast/898325,Driveways
Drone aircraft,http://id.worldcat.org/fast/898349,Drone aircraft
Drugstores,http://id.worldcat.org/fast/899005,Drugstores
Dugong,http://id.worldcat.org/fast/899387,Dugong
Earth Surface,http://id.worldcat.org/fast/1355112,Surface of the Earth
Earthquake hazard analysis,http://id.worldcat.org/fast/900841,Earthquake hazard analysis
Earthquake intensity,http://id.worldcat.org/fast/900852,Earthquake intensity
Earthquakes,http://id.worldcat.org/fast/900899,Earthquakes
Earthquake zones,http://id.worldcat.org/fast/900898,Earthquake zones
Ebola virus disease,http://id.worldcat.org/fast/901253,Ebola virus disease
Ecological assessment (Biology),http://id.worldcat.org/fast/901443,Ecological assessment (Biology)
Ecological districts,http://id.worldcat.org/fast/1200104,Ecological districts
Ecological integrity,http://id.worldcat.org/fast/901456,Ecological integrity
Ecological reserves,http://id.worldcat.org/fast/901459,Ecological reserves
Ecological risk assessment,http://id.worldcat.org/fast/901461,Ecological risk assessment
Ecological zones,http://id.worldcat.org/fast/1200812,Ecological zones
Economic development,http://id.worldcat.org/fast/901785,Economic development
Economic development projects,http://id.worldcat.org/fast/901885,Economic development projects
Economic zones (Law of the sea),http://id.worldcat.org/fast/902108,Economic zones (Law of the sea)
Ecosystem management,http://id.worldcat.org/fast/1432037,Ecosystem management
Education,http://id.worldcat.org/fast/902499,Education
Education Statistics,http://id.worldcat.org/fast/902795,Education--Statistics
"Education, Elementary",http://id.worldcat.org/fast/902945,"Education, Elementary"
"Education, Secondary",http://id.worldcat.org/fast/903252,"Education, Secondary"
educational institutions,http://id.worldcat.org/fast/1107958,Schools
Educational tests and measurements,http://id.worldcat.org/fast/903660,Educational tests and measurements
Eelgrass,http://id.worldcat.org/fast/903744,Eelgrass
Election districts,http://id.worldcat.org/fast/904291,Election districts
Elections,http://id.worldcat.org/fast/904324,Elections
Electric lines,http://id.worldcat.org/fast/905095,Electric lines
Electric power-plants,http://id.worldcat.org/fast/905639,Electric power-plants
Electric substations,http://id.worldcat.org/fast/905909,Electric substations
Electric utilities,http://id.worldcat.org/fast/905974,Electric utilities
Elementary schools,http://id.worldcat.org/fast/907975,Elementary schools
Emergency housing,http://id.worldcat.org/fast/908492,Emergency housing
Emergency management,http://id.worldcat.org/fast/908500,Emergency management
Employment forecasting,http://id.worldcat.org/fast/909353,Employment forecasting
Endangered plants,http://id.worldcat.org/fast/909650,Endangered plants
Endangered species,http://id.worldcat.org/fast/909658,Endangered species
Engineering drawings,http://id.worldcat.org/fast/910493,Engineering drawings
Environmental health,http://id.worldcat.org/fast/912999,Environmental health
Environmental impact analysis,http://id.worldcat.org/fast/913055,Environmental impact analysis
Environmental impact statements,http://id.worldcat.org/fast/913090,Environmental impact statements
Environmental law,http://id.worldcat.org/fast/913122,Environmental law
Environmental management,http://id.worldcat.org/fast/913186,Environmental management
Environmental monitoring,http://id.worldcat.org/fast/913214,Environmental monitoring
Environmental policy,http://id.worldcat.org/fast/913250,Environmental policy
Environmental protection,http://id.worldcat.org/fast/913324,Environmental protection
Estuaries,http://id.worldcat.org/fast/915654,Estuaries
Ethnic groups,http://id.worldcat.org/fast/915958,Ethnic groups
Ethnicity,http://id.worldcat.org/fast/916034,Ethnicity
Evacuation of civilians,http://id.worldcat.org/fast/916969,Evacuation of civilians
Evaluation,http://id.worldcat.org/fast/916975,Evaluation
Express highways,http://id.worldcat.org/fast/918809,Express highways
Factories,http://id.worldcat.org/fast/919645,Factories
Families,http://id.worldcat.org/fast/1728849,Families
Farms,http://id.worldcat.org/fast/921422,Farms
Faults (Geology),http://id.worldcat.org/fast/921993,Faults (Geology)
Fault zones,http://id.worldcat.org/fast/921987,Fault zones
Fences,http://id.worldcat.org/fast/922872,Fences
Ferries,http://id.worldcat.org/fast/923054,Ferries
Ferry routes,http://id.worldcat.org/fast/1746086,Ferry routes
Ferry terminals,http://id.worldcat.org/fast/1200547,Ferry terminals
Firearms $x Law and legislation,http://id.worldcat.org/fast/925588,Firearms $x Law and legislation
Fire departments,http://id.worldcat.org/fast/925238,Fire departments
Fire prevention,http://id.worldcat.org/fast/925460,Fire prevention
Fire protection districts,http://id.worldcat.org/fast/925509,Fire protection districts
Fire risk assessment,http://id.worldcat.org/fast/925529,Fire risk assessment
Fire stations,http://id.worldcat.org/fast/925546,Fire stations
Fisheries,http://id.worldcat.org/fast/926051,Fisheries
Fishery law and legislation,http://id.worldcat.org/fast/926220,Fishery law and legislation
Fishes,http://id.worldcat.org/fast/926361,Fishes
Fishes $x Eggs,http://id.worldcat.org/fast/926464,Fishes $x Eggs
Fishes $x Habitat,http://id.worldcat.org/fast/926499,Fishes $x Habitat
Fishes $x Home range,http://id.worldcat.org/fast/926514,Fishes $x Home range
Fishes $x Larvae $x Dispersal,http://id.worldcat.org/fast/926524,Fishes $x Larvae $x Dispersal
Fishes $x Migration,http://id.worldcat.org/fast/926541,Fishes $x Migration
Fishing,http://id.worldcat.org/fast/926650,Fishing
Fish populations,http://id.worldcat.org/fast/925935,Fish populations
Flood control,http://id.worldcat.org/fast/927443,Flood control
Flood damage prevention,http://id.worldcat.org/fast/927487,Flood damage prevention
Flood forecasting,http://id.worldcat.org/fast/927522,Flood forecasting
Flood insurance,http://id.worldcat.org/fast/1715819,Flood insurance
Floodplain management,http://id.worldcat.org/fast/927547,Floodplain management
Floodplains,http://id.worldcat.org/fast/927562,Floodplains
Floods,http://id.worldcat.org/fast/927573,Floods
Food,http://id.worldcat.org/fast/930458,Food
Forest biodiversity conservation,http://id.worldcat.org/fast/1736807,Forest biodiversity conservation
Forest fires,http://id.worldcat.org/fast/932142,Forest fires
Forest reserves,http://id.worldcat.org/fast/932451,Forest reserves
Forests and forestry,http://id.worldcat.org/fast/932632,Forests and forestry
Forests and Forestry,http://id.worldcat.org/fast/932632,Forests and forestry
Fortification,http://id.worldcat.org/fast/933024,Fortification
Fossils,http://id.worldcat.org/fast/933164,Fossils
Freight and freightage,http://id.worldcat.org/fast/934154,Freight and freightage
French regions,http://id.worldcat.org/fast/934835,French regions
Fresh water,http://id.worldcat.org/fast/934984,Fresh water
Fringe parking,http://id.worldcat.org/fast/935230,Fringe parking
Fuel,http://id.worldcat.org/fast/935806,Fuel
Gap analysis (Planning),http://id.worldcat.org/fast/937739,Gap analysis (Planning)
Gazetteers,http://id.worldcat.org/fast/939355,Gazetteers
Geodesy,http://id.worldcat.org/fast/940371,Geodesy
Geological surveys,http://id.worldcat.org/fast/940600,Geological surveys
Geological Survey (U.S.),http://id.worldcat.org/fast/547115,Geological Survey (U.S.)
Geology,http://id.worldcat.org/fast/940627,Geology
Geomorphology,http://id.worldcat.org/fast/940955,Geomorphology
German states,http://id.worldcat.org/fast/1744154,German states
Giraffe,http://id.worldcat.org/fast/942809,Giraffe
Glaciers,http://id.worldcat.org/fast/942975,Glaciers
Global system for mobile communications,http://id.worldcat.org/fast/943493,Global system for mobile communications
Gnus,http://id.worldcat.org/fast/943913,Gnus
Gold mines and mining,http://id.worldcat.org/fast/944469,Gold mines and mining
Golf courses,http://id.worldcat.org/fast/944725,Golf courses
golf courses,http://id.worldcat.org/fast/944725,Golf courses
Gorges,http://id.worldcat.org/fast/944978,Gorges
Government liability,http://id.worldcat.org/fast/945404,Government liability
Grants-in-aid,http://id.worldcat.org/fast/946429,Grants-in-aid
Grassland conservation,http://id.worldcat.org/fast/946800,Grassland conservation
Grasslands,http://id.worldcat.org/fast/946817,Grasslands
Gravel,http://id.worldcat.org/fast/946846,Gravel
Grazing,http://id.worldcat.org/fast/946979,Grazing
Great Lakes,http://id.worldcat.org/fast/1240563,Great Lakes
Greenbelts,http://id.worldcat.org/fast/947668,Greenbelts
Grevy's zebra,http://id.worldcat.org/fast/947848,Grevy's zebra
Gross domestic product,http://id.worldcat.org/fast/948090,Gross domestic product
Groundwater,http://id.worldcat.org/fast/948209,Groundwater
Harbors,http://id.worldcat.org/fast/951219,Harbors
Heating Statistics,http://id.worldcat.org/fast/954023,Heating
Highways,http://id.worldcat.org/fast/1098511,Roads
highways,http://id.worldcat.org/fast/1098511,Roads
Hospitals,http://id.worldcat.org/fast/961166,Hospitals
households,http://id.worldcat.org/fast/962162,Households
Households,http://id.worldcat.org/fast/962162,Households
Housing,http://id.worldcat.org/fast/962245,Housing
housing,http://id.worldcat.org/fast/962245,Housing
Housing Statistics,http://id.worldcat.org/fast/962350,Housing--Statistics
Housing units,http://id.worldcat.org/fast/962245,Housing units
Human settlements,http://id.worldcat.org/fast/963433,Human settlements
Hydrographic features,http://id.worldcat.org/fast/965102,Hydrography
Hydrographic Features,http://id.worldcat.org/fast/965102,Hydrography
Hydrography,http://id.worldcat.org/fast/965102,Hydrography
hydrography,http://id.worldcat.org/fast/965102,Hydrography
Hydrology,http://id.worldcat.org/fast/965147,Hydrology
Income Statistics,http://id.worldcat.org/fast/968659,Income--Statistics
Indian reservations,http://id.worldcat.org/fast/969192,Indian reservations
Infrastructure,http://id.worldcat.org/fast/973275,Infrastructure (Economics)
Infrastructure (Economics),http://id.worldcat.org/fast/973275,Infrastructure (Economics)
"Insurance, Fire",http://id.worldcat.org/fast/1715814,Fire insurance
international boundaries,http://id.worldcat.org/fast/837076,Boundaries
interstates,http://id.worldcat.org/fast/918809,Express highways
Islands,http://id.worldcat.org/fast/980104,Islands
Labor supply,http://id.worldcat.org/fast/990165,Labor supply
Labor supply Statistics,http://id.worldcat.org/fast/990229,Labor supply--Statistics
Lakes,http://id.worldcat.org/fast/990901,Lakes
lakes,http://id.worldcat.org/fast/990901,Lakes
Landforms,http://id.worldcat.org/fast/991689,Landforms
Landowners,http://id.worldcat.org/fast/991750,Landowners
Land use,http://id.worldcat.org/fast/991472,Land use
Land Use,http://id.worldcat.org/fast/991472,Land use
Land use planning,http://id.worldcat.org/fast/991528,Land use--Planning
Lands settlement patterns,http://id.worldcat.org/fast/991332,Land settlement patterns
Legislative bodies,http://id.worldcat.org/fast/995690,Legislative bodies
Legislators,http://id.worldcat.org/fast/995828,Legislators
Literacy,http://id.worldcat.org/fast/999859,Literacy
Maps,http://id.worldcat.org/fast/1008726,Maps
"Maps, Manuscript",http://id.worldcat.org/fast/1754087,Manuscript maps
"Maps, Topographic",http://id.worldcat.org/fast/1152661,Topographic maps
Marketing,http://id.worldcat.org/fast/1010167,Marketing
Metropolitan areas,http://id.worldcat.org/fast/1018849,Metropolitan areas
Metropolitan statistical areas,http://id.worldcat.org/fast/1018849,Metropolitan areas
Military installations,http://id.worldcat.org/fast/1020986,Military bases
Military bases,http://id.worldcat.org/fast/1020986,Military bases
Mines and mineral resources,http://id.worldcat.org/fast/1022541,Mines and mineral resources
Monuments,http://id.worldcat.org/fast/1025892,Monuments
Mountains,http://id.worldcat.org/fast/1028366,Mountains
Municipal buildings,http://id.worldcat.org/fast/1029207,Municipal buildings
"Names, Geographical",http://id.worldcat.org/fast/1032409,"Names, Geographical"
"Names (Geographical)",http://id.worldcat.org/fast/1032409,"Names, Geographical"
Natural resources conservation areas,http://id.worldcat.org/fast/1034506,Natural resources conservation areas
Nautical charts,http://id.worldcat.org/fast/1034762,Nautical charts
Nomads,http://id.worldcat.org/fast/1038439,Nomads
Non-self-governing territories,http://id.worldcat.org/fast/1038563,Non-self-governing territories
Ocean,http://id.worldcat.org/fast/1043442,Ocean
Occupations Statistics,http://id.worldcat.org/fast/1043424,Occupations--Statistics
Orchards,http://id.worldcat.org/fast/1047271,Orchards
Parks,http://id.worldcat.org/fast/1053705,Parks
Pipelines,http://id.worldcat.org/fast/1064626,Pipelines
place name,http://id.worldcat.org/fast/1032409,"Names, Geographical"
Place names,http://id.worldcat.org/fast/1032409,"Names, Geographical"
Political divisions,http://id.worldcat.org/fast/796826,Administrative and political divisions
Political Divisions,http://id.worldcat.org/fast/796826,Administrative and political divisions
Political parties,http://id.worldcat.org/fast/1069410,Political parties
Polling places,http://id.worldcat.org/fast/1070040,Polling places
Ponds,http://id.worldcat.org/fast/1070954,Ponds
Population,http://id.worldcat.org/fast/1071476,Population
Population geography,http://id.worldcat.org/fast/1071591,Population geography
Population Statistics,http://id.worldcat.org/fast/1071509,Population--Statistics
post offices,http://id.worldcat.org/fast/1072720,Post office stations and branches
Postal service,http://id.worldcat.org/fast/1072885,Postal service
Property tax,http://id.worldcat.org/fast/1079163,Property tax
Public libraries,http://id.worldcat.org/fast/1082640,Public libraries
Public utilities,http://id.worldcat.org/fast/1083130,Public utilities
Purchasing power,http://id.worldcat.org/fast/1084291,Purchasing power
Railroads,http://id.worldcat.org/fast/1088711,Railroads
railroads,http://id.worldcat.org/fast/1088711,Railroads
Real property,http://id.worldcat.org/fast/1091096,Real property
Recreation areas,http://id.worldcat.org/fast/1091789,Recreation areas
Religious institutions,http://id.worldcat.org/fast/1094089,Religious institutions
Reservoirs,http://id.worldcat.org/fast/1095478,Reservoirs
Riverine Flooding,http://id.worldcat.org/fast/927562,Floodplains
Rivers,http://id.worldcat.org/fast/1098312,Rivers
Roads,http://id.worldcat.org/fast/1098511,Roads
roads,http://id.worldcat.org/fast/1098511,Roads
Runways (Aeronautics),http://id.worldcat.org/fast/1101423,Runways (Aeronautics)
Sand dunes,http://id.worldcat.org/fast/1104857,Sand dunes
School buildings,http://id.worldcat.org/fast/1107046,School buildings
School districts,http://id.worldcat.org/fast/1107304,School districts
School facilities,http://id.worldcat.org/fast/1107385,School facilities
Schools,http://id.worldcat.org/fast/1107958,Schools
Seas,http://id.worldcat.org/fast/1110395,Seas
Seashore,http://id.worldcat.org/fast/1110397,Seashore
Service stations,http://id.worldcat.org/fast/1113497,Service stations
Sex distribution (Demography),http://id.worldcat.org/fast/1114447,Sex distribution (Demography)
Sex Statistics,http://id.worldcat.org/fast/1114217,Sex--Statistics
Service stations,http://id.worldcat.org/fast/1113497,Service stations
Sewerage,http://id.worldcat.org/fast/1114083,Sewerage
Shopping,http://id.worldcat.org/fast/1116884,Shopping
Shopping centers,http://id.worldcat.org/fast/1116908,Shopping centers
Shorelines,http://id.worldcat.org/fast/1117004,Shorelines
Sports facilities,http://id.worldcat.org/fast/1130596,Sports facilities
Springs,http://id.worldcat.org/fast/1130935,Springs
State legislative districts,http://id.worldcat.org/fast/904291,Election districts
State Legislative District,http://id.worldcat.org/fast/904291,Election districts
State Legislative Districts,http://id.worldcat.org/fast/904291,Election districts
Statistics,http://id.worldcat.org/fast/1132103,Statistics
streams,http://id.worldcat.org/fast/1098312,Rivers
Streets,http://id.worldcat.org/fast/1134794,Streets
Taxation rates,http://id.worldcat.org/fast/1143959,Taxation--Rates
"Territory, National",http://id.worldcat.org/fast/1148094,"Territory, National"
Topographical surveying,http://id.worldcat.org/fast/1152671,Topographical surveying
towns,http://id.worldcat.org/fast/861748,Cities and towns
Tracts,http://id.worldcat.org/fast/850608,Census districts
Traffic surveys,http://id.worldcat.org/fast/1154314,Traffic surveys
Transportation,http://id.worldcat.org/fast/1155007,Transportation
Transportation features,http://id.worldcat.org/fast/1155007,Transportation
United States Congress,http://id.worldcat.org/fast/529490,United States. Congress
Urban areas,http://id.worldcat.org/fast/861748,Cities and towns
urban areas,http://id.worldcat.org/fast/861748,Cities and towns
Urban land use,http://id.worldcat.org/fast/991631,"Land use, Urban"
Villages,http://id.worldcat.org/fast/1166969,Villages
villages,http://id.worldcat.org/fast/1166969,Villages
Vital statistics,http://id.worldcat.org/fast/1168137,Vital statistics
Voting,http://id.worldcat.org/fast/1169232,Voting
Voting District,http://id.worldcat.org/fast/904291,Election districts
Voting districts,http://id.worldcat.org/fast/904291,Election districts
Walls,http://id.worldcat.org/fast/1170190,Walls
Water,http://id.worldcat.org/fast/1171139,Water
water,http://id.worldcat.org/fast/1171139,Water
Water bodies,http://id.worldcat.org/fast/835302,Bodies of water
Water-supply,http://id.worldcat.org/fast/1172350,Water-supply
Watersheds,http://id.worldcat.org/fast/1172744,Watersheds
Wells,http://id.worldcat.org/fast/1173723,Wells
Wetlands,http://id.worldcat.org/fast/1174194,Wetlands
World maps,http://id.worldcat.org/fast/1181367,World maps
Zip codes,http://id.worldcat.org/fast/1107304,Zip codes
zip codes,http://id.worldcat.org/fast/1107304,Zip codes